{"cameraMode":{"drawMode":0,"name":"Shaded","section":"Shading Mode"},"sceneLighting":false,"audioPlay":false,"sceneViewState":{"showFog":true,"showMaterialUpdate":false,"showSkybox":true,"showFlares":true,"showImageEffects":true,"showParticleSystems":true},"in2DMode":false,"pivot":{"x":-4.259063720703125,"y":-46.98046875,"z":-51.4140625},"rotation":{"x":-0.7615722417831421,"y":0.00795933697372675,"z":-0.009354726411402226,"w":-0.6479636430740356},"size":94.57785034179688,"orthographic":true}